id,role,email,name,personal_number
1,user,anna.h.blixt@gmail.com,Anders Andersson,190101-1234
2,user,anna.h.blixt@gmail.com,Berit Bengtsson,190102-5678
3,user,anna.h.blixt@gmail.com,Carl Carlsson,190103-9012
4,user,anna.h.blixt@gmail.com,Diana Davidsson,190104-3456
5,user,anna.h.blixt@gmail.com,Erik Eriksson,190105-7890
6,user,anna.h.blixt@gmail.com,Frida Fredriksson,190106-2345
7,user,anna.h.blixt@gmail.com,Gustav Gustavsson,190107-6789
8,user,anna.h.blixt@gmail.com,Hanna Hansson,190108-0123
9,user,anna.h.blixt@gmail.com,Ingrid Isaksson,190109-4567
10,admin,anna.h.blixt@gmail.com,Anna Blixt,190110-8901